/*
SQLyog Ultimate v9.50 
MySQL - 5.5.5-10.1.29-MariaDB : Database - cbr_bobot
*********************************************************************
*/

/*!40101 SET NAMES utf8 */;

/*!40101 SET SQL_MODE=''*/;

/*!40014 SET @OLD_UNIQUE_CHECKS=@@UNIQUE_CHECKS, UNIQUE_CHECKS=0 */;
/*!40014 SET @OLD_FOREIGN_KEY_CHECKS=@@FOREIGN_KEY_CHECKS, FOREIGN_KEY_CHECKS=0 */;
/*!40101 SET @OLD_SQL_MODE=@@SQL_MODE, SQL_MODE='NO_AUTO_VALUE_ON_ZERO' */;
/*!40111 SET @OLD_SQL_NOTES=@@SQL_NOTES, SQL_NOTES=0 */;
CREATE DATABASE /*!32312 IF NOT EXISTS*/`cbr_bobot` /*!40100 DEFAULT CHARACTER SET latin1 */;

USE `cbr_bobot`;

/*Table structure for table `tb_admin` */

DROP TABLE IF EXISTS `tb_admin`;

CREATE TABLE `tb_admin` (
  `user` varchar(16) NOT NULL,
  `pass` varchar(16) NOT NULL,
  `level` varchar(16) NOT NULL,
  PRIMARY KEY (`user`)
) ENGINE=InnoDB DEFAULT CHARSET=latin1;

/*Data for the table `tb_admin` */

insert  into `tb_admin`(`user`,`pass`,`level`) values ('admin','admin','admin'),('user','user','user');

/*Table structure for table `tb_gejala` */

DROP TABLE IF EXISTS `tb_gejala`;

CREATE TABLE `tb_gejala` (
  `kode_gejala` varchar(16) NOT NULL,
  `nama_gejala` varchar(255) NOT NULL DEFAULT '',
  `bobot` double NOT NULL DEFAULT '0',
  PRIMARY KEY (`kode_gejala`)
) ENGINE=InnoDB DEFAULT CHARSET=latin1;

/*Data for the table `tb_gejala` */

insert  into `tb_gejala`(`kode_gejala`,`nama_gejala`,`bobot`) values ('G001','Bercak tidak beraturan dan kebasah - basahan',0.9),('G002','Bercak - bercak kecil berbentuk bulat berwarna kehitaman',0.2),('G003','Daun - daun menjadi gugur',0.6),('G004','Buah - buah gugur',0.1),('G005','Kepala - kepala konidium cendawan yang berwarna kelabu kehitaman',0.8),('G006','Daun - daun menjadi layu',0.7),('G007','Cairan putih keluar saat batang dipotong',0.2),('G008','Warna buah kekuningan',0.8),('G009','Pada bagian tengah bercak terdapat kumpulan titik - titik hitam terdiri dari kelompok seta dan konidum jamur',0.3),('G010','Bagian bawah daun berwarna keperakan selanjutnya menjadi kecoklatan',0.2),('G011','Daun tampak keriput dan melengkung keatas',1),('G012','Daun seperti tembaga',0.4),('G013','Daun mengeriting',0.2),('G014','Daun kaku dan melengkung kebawah',0.6),('G015','Daun yang tersisa tinggal epidermis bagian atas dan tulang daunnya saja',0.5),('G016','Daun berlubang',0.5),('G017','Tanaman menjadi gundul',0),('G018','Buah menjadi busuk',0.6),('G019','Buah cabai berlubang',1),('G020','Akar tanaman tampak kecoklatan dan lembek',0.1),('G021','Ada seperti benang halus atau kapas berwarna keabu - abuan',0.6);

/*Table structure for table `tb_histori` */

DROP TABLE IF EXISTS `tb_histori`;

CREATE TABLE `tb_histori` (
  `id_histori` int(11) NOT NULL AUTO_INCREMENT,
  `waktu` datetime DEFAULT NULL,
  `gejala` varchar(255) DEFAULT NULL,
  `penyakit` varchar(255) DEFAULT NULL,
  `hasil` double DEFAULT NULL,
  PRIMARY KEY (`id_histori`)
) ENGINE=InnoDB AUTO_INCREMENT=15 DEFAULT CHARSET=latin1;

/*Data for the table `tb_histori` */

insert  into `tb_histori`(`id_histori`,`waktu`,`gejala`,`penyakit`,`hasil`) values (1,'2018-10-10 13:38:30','G001, G002, G003, G004, G005','Virus kerupuk',0.61538461538462),(2,'2018-10-10 13:50:19','G005, G006, G007, G008, G009, G010','Layu bakteri',0.56666666666667),(3,'2018-10-24 00:26:58','G001, G002, G003, G004, G005, G006, G007, G008, G009, G010, G011, G012, G013, G014, G015, G016, G017, G018, G019, G020, G021','Kutu daun persik',0.24271844660194),(4,'2018-10-24 00:28:06','G001, G002, G003, G004, G005, G006, G007, G008, G009, G010, G011, G012, G013, G014, G015, G016, G017, G018, G019, G020, G021','Kutu daun persik',0.24271844660194),(5,'2018-10-24 00:28:21','G001, G002, G003, G004, G005, G006, G007, G008, G009, G010, G011, G012, G013, G014, G015, G016, G017, G018, G019, G020, G021','Kutu daun persik',0.24271844660194),(6,'2018-10-24 00:33:23','G001, G002, G003, G004, G005, G006, G007, G008, G009, G010, G011, G012, G013, G014, G015, G016, G017, G018, G019, G020, G021','Kutu daun persik',0.24271844660194),(7,'2018-10-24 00:33:59','G001, G002, G003, G004, G005, G006, G007, G008, G009, G010, G011, G012, G013, G014, G015, G016, G017, G018, G019, G020, G021','Kutu daun persik',0.24271844660194),(8,'2018-10-24 00:34:58','G001, G002, G003, G004, G005, G006, G007, G008, G009, G010, G011, G012, G013, G014, G015, G016, G017, G018, G019, G020, G021','Kutu daun persik',0.24271844660194),(9,'2018-10-24 00:35:19','G001, G002, G003, G004, G005, G006, G007, G008, G009, G010, G011, G012, G013, G014, G015, G016, G017, G018, G019, G020, G021','Kutu daun persik',0.24271844660194),(10,'2018-10-24 00:35:37','G001, G002, G003, G004, G005, G006, G007, G008, G009, G010, G011, G012, G013, G014, G015, G016, G017, G018, G019, G020, G021','Kutu daun persik',0.24271844660194),(11,'2018-10-24 00:35:52','G001, G002, G003, G004, G005, G006, G007, G008, G009, G010, G011, G012, G013, G014, G015, G016, G017, G018, G019, G020, G021','Kutu daun persik',0.24271844660194),(12,'2018-10-24 00:36:04','G001, G002, G003, G004, G005, G006, G007, G008, G009, G010, G011, G012, G013, G014, G015, G016, G017, G018, G019, G020, G021','Kutu daun persik',0.24271844660194),(13,'2019-08-19 15:34:26','G001, G002, G003','Jamur phytophthora capsici',0.88235294117647),(14,'2019-08-19 15:35:32','G001, G002, G003','Jamur phytophthora capsici',0.88235294117647);

/*Table structure for table `tb_kasus` */

DROP TABLE IF EXISTS `tb_kasus`;

CREATE TABLE `tb_kasus` (
  `kode_kasus` varchar(16) DEFAULT NULL,
  `kode_penyakit` varchar(16) DEFAULT NULL,
  `kode_gejala` varchar(16) DEFAULT NULL
) ENGINE=InnoDB DEFAULT CHARSET=latin1;

/*Data for the table `tb_kasus` */

insert  into `tb_kasus`(`kode_kasus`,`kode_penyakit`,`kode_gejala`) values ('K001','P03','G001'),('K001','P03','G006'),('K001','P03','G020'),('K001','P03','G021'),('K003','P10','G001'),('K003','P10','G003'),('K003','P10','G004'),('K002','P06','G002'),('K002','P06','G004'),('K002','P06','G005'),('K002','P06','G008'),('K004','P02','G001'),('K004','P02','G003'),('K005','P04','G005'),('K005','P04','G007'),('K006','P05','G006'),('K006','P05','G008'),('K006','P05','G010'),('K007','P07','G002'),('K007','P07','G004'),('K007','P07','G010'),('K007','P07','G011'),('K008','P08','G004'),('K008','P08','G006'),('K009','P09','G004'),('K009','P09','G008'),('K009','P09','G011'),('K009','P09','G012'),('K009','P09','G013'),('K010','P11','G012'),('K010','P11','G013'),('K011','P09','G008'),('K011','P09','G011'),('K012','P07','G007'),('K012','P07','G011');

/*Table structure for table `tb_penyakit` */

DROP TABLE IF EXISTS `tb_penyakit`;

CREATE TABLE `tb_penyakit` (
  `kode_penyakit` varchar(16) NOT NULL,
  `nama_penyakit` varchar(255) DEFAULT NULL,
  `penyebab` text,
  `solusi` text,
  PRIMARY KEY (`kode_penyakit`)
) ENGINE=InnoDB DEFAULT CHARSET=latin1;

/*Data for the table `tb_penyakit` */

insert  into `tb_penyakit`(`kode_penyakit`,`nama_penyakit`,`penyebab`,`solusi`) values ('P01','Busuk daun','Lorem ipsum dolor sit amet, consectetur adipiscing elit, sed do eiusmod tempor incididunt ut labore et dolore magna aliqua. Ut enim ad minim veniam, quis nostrud exercitation ullamco laboris nisi ut aliquip ex ea commodo consequat. Duis aute irure dolor in reprehenderit in voluptate velit esse cillum dolore eu fugiat nulla pariatur. Excepteur sint occaecat cupidatat non proident, sunt in culpa qui officia deserunt mollit anim id est laborum.','Lorem ipsum dolor sit amet, consectetur adipiscing elit, sed do eiusmod tempor incididunt ut labore et dolore magna aliqua. Ut enim ad minim veniam, quis nostrud exercitation ullamco laboris nisi ut aliquip ex ea commodo consequat. Duis aute irure dolor in reprehenderit in voluptate velit esse cillum dolore eu fugiat nulla pariatur. Excepteur sint occaecat cupidatat non proident, sunt in culpa qui officia deserunt mollit anim id est laborum.'),('P02','Jamur phytophthora capsici','Lorem ipsum dolor sit amet, consectetur adipiscing elit, sed do eiusmod tempor incididunt ut labore et dolore magna aliqua. Ut enim ad minim veniam, quis nostrud exercitation ullamco laboris nisi ut aliquip ex ea commodo consequat. Duis aute irure dolor in reprehenderit in voluptate velit esse cillum dolore eu fugiat nulla pariatur. Excepteur sint occaecat cupidatat non proident, sunt in culpa qui officia deserunt mollit anim id est laborum.','Lorem ipsum dolor sit amet, consectetur adipiscing elit, sed do eiusmod tempor incididunt ut labore et dolore magna aliqua. Ut enim ad minim veniam, quis nostrud exercitation ullamco laboris nisi ut aliquip ex ea commodo consequat. Duis aute irure dolor in reprehenderit in voluptate velit esse cillum dolore eu fugiat nulla pariatur. Excepteur sint occaecat cupidatat non proident, sunt in culpa qui officia deserunt mollit anim id est laborum.'),('P03','Bercak daun','Lorem ipsum dolor sit amet, consectetur adipiscing elit, sed do eiusmod tempor incididunt ut labore et dolore magna aliqua. Ut enim ad minim veniam, quis nostrud exercitation ullamco laboris nisi ut aliquip ex ea commodo consequat. Duis aute irure dolor in reprehenderit in voluptate velit esse cillum dolore eu fugiat nulla pariatur. Excepteur sint occaecat cupidatat non proident, sunt in culpa qui officia deserunt mollit anim id est laborum.','Lorem ipsum dolor sit amet, consectetur adipiscing elit, sed do eiusmod tempor incididunt ut labore et dolore magna aliqua. Ut enim ad minim veniam, quis nostrud exercitation ullamco laboris nisi ut aliquip ex ea commodo consequat. Duis aute irure dolor in reprehenderit in voluptate velit esse cillum dolore eu fugiat nulla pariatur. Excepteur sint occaecat cupidatat non proident, sunt in culpa qui officia deserunt mollit anim id est laborum.'),('P04','Patah batang','Lorem ipsum dolor sit amet, consectetur adipiscing elit, sed do eiusmod tempor incididunt ut labore et dolore magna aliqua. Ut enim ad minim veniam, quis nostrud exercitation ullamco laboris nisi ut aliquip ex ea commodo consequat. Duis aute irure dolor in reprehenderit in voluptate velit esse cillum dolore eu fugiat nulla pariatur. Excepteur sint occaecat cupidatat non proident, sunt in culpa qui officia deserunt mollit anim id est laborum.','Lorem ipsum dolor sit amet, consectetur adipiscing elit, sed do eiusmod tempor incididunt ut labore et dolore magna aliqua. Ut enim ad minim veniam, quis nostrud exercitation ullamco laboris nisi ut aliquip ex ea commodo consequat. Duis aute irure dolor in reprehenderit in voluptate velit esse cillum dolore eu fugiat nulla pariatur. Excepteur sint occaecat cupidatat non proident, sunt in culpa qui officia deserunt mollit anim id est laborum.'),('P05','Layu bakteri','Lorem ipsum dolor sit amet, consectetur adipiscing elit, sed do eiusmod tempor incididunt ut labore et dolore magna aliqua. Ut enim ad minim veniam, quis nostrud exercitation ullamco laboris nisi ut aliquip ex ea commodo consequat. Duis aute irure dolor in reprehenderit in voluptate velit esse cillum dolore eu fugiat nulla pariatur. Excepteur sint occaecat cupidatat non proident, sunt in culpa qui officia deserunt mollit anim id est laborum.','Lorem ipsum dolor sit amet, consectetur adipiscing elit, sed do eiusmod tempor incididunt ut labore et dolore magna aliqua. Ut enim ad minim veniam, quis nostrud exercitation ullamco laboris nisi ut aliquip ex ea commodo consequat. Duis aute irure dolor in reprehenderit in voluptate velit esse cillum dolore eu fugiat nulla pariatur. Excepteur sint occaecat cupidatat non proident, sunt in culpa qui officia deserunt mollit anim id est laborum.'),('P06','Busuk basah','Lorem ipsum dolor sit amet, consectetur adipiscing elit, sed do eiusmod tempor incididunt ut labore et dolore magna aliqua. Ut enim ad minim veniam, quis nostrud exercitation ullamco laboris nisi ut aliquip ex ea commodo consequat. Duis aute irure dolor in reprehenderit in voluptate velit esse cillum dolore eu fugiat nulla pariatur. Excepteur sint occaecat cupidatat non proident, sunt in culpa qui officia deserunt mollit anim id est laborum.','Lorem ipsum dolor sit amet, consectetur adipiscing elit, sed do eiusmod tempor incididunt ut labore et dolore magna aliqua. Ut enim ad minim veniam, quis nostrud exercitation ullamco laboris nisi ut aliquip ex ea commodo consequat. Duis aute irure dolor in reprehenderit in voluptate velit esse cillum dolore eu fugiat nulla pariatur. Excepteur sint occaecat cupidatat non proident, sunt in culpa qui officia deserunt mollit anim id est laborum.'),('P07','Serangga thrips','Lorem ipsum dolor sit amet, consectetur adipiscing elit, sed do eiusmod tempor incididunt ut labore et dolore magna aliqua. Ut enim ad minim veniam, quis nostrud exercitation ullamco laboris nisi ut aliquip ex ea commodo consequat. Duis aute irure dolor in reprehenderit in voluptate velit esse cillum dolore eu fugiat nulla pariatur. Excepteur sint occaecat cupidatat non proident, sunt in culpa qui officia deserunt mollit anim id est laborum.','Lorem ipsum dolor sit amet, consectetur adipiscing elit, sed do eiusmod tempor incididunt ut labore et dolore magna aliqua. Ut enim ad minim veniam, quis nostrud exercitation ullamco laboris nisi ut aliquip ex ea commodo consequat. Duis aute irure dolor in reprehenderit in voluptate velit esse cillum dolore eu fugiat nulla pariatur. Excepteur sint occaecat cupidatat non proident, sunt in culpa qui officia deserunt mollit anim id est laborum.'),('P08','Kutu daun kapas','Lorem ipsum dolor sit amet, consectetur adipiscing elit, sed do eiusmod tempor incididunt ut labore et dolore magna aliqua. Ut enim ad minim veniam, quis nostrud exercitation ullamco laboris nisi ut aliquip ex ea commodo consequat. Duis aute irure dolor in reprehenderit in voluptate velit esse cillum dolore eu fugiat nulla pariatur. Excepteur sint occaecat cupidatat non proident, sunt in culpa qui officia deserunt mollit anim id est laborum.','Lorem ipsum dolor sit amet, consectetur adipiscing elit, sed do eiusmod tempor incididunt ut labore et dolore magna aliqua. Ut enim ad minim veniam, quis nostrud exercitation ullamco laboris nisi ut aliquip ex ea commodo consequat. Duis aute irure dolor in reprehenderit in voluptate velit esse cillum dolore eu fugiat nulla pariatur. Excepteur sint occaecat cupidatat non proident, sunt in culpa qui officia deserunt mollit anim id est laborum.'),('P09','Kutu daun persik','Lorem ipsum dolor sit amet, consectetur adipiscing elit, sed do eiusmod tempor incididunt ut labore et dolore magna aliqua. Ut enim ad minim veniam, quis nostrud exercitation ullamco laboris nisi ut aliquip ex ea commodo consequat. Duis aute irure dolor in reprehenderit in voluptate velit esse cillum dolore eu fugiat nulla pariatur. Excepteur sint occaecat cupidatat non proident, sunt in culpa qui officia deserunt mollit anim id est laborum.','Lorem ipsum dolor sit amet, consectetur adipiscing elit, sed do eiusmod tempor incididunt ut labore et dolore magna aliqua. Ut enim ad minim veniam, quis nostrud exercitation ullamco laboris nisi ut aliquip ex ea commodo consequat. Duis aute irure dolor in reprehenderit in voluptate velit esse cillum dolore eu fugiat nulla pariatur. Excepteur sint occaecat cupidatat non proident, sunt in culpa qui officia deserunt mollit anim id est laborum.'),('P10','Virus kerupuk','Lorem ipsum dolor sit amet, consectetur adipiscing elit, sed do eiusmod tempor incididunt ut labore et dolore magna aliqua. Ut enim ad minim veniam, quis nostrud exercitation ullamco laboris nisi ut aliquip ex ea commodo consequat. Duis aute irure dolor in reprehenderit in voluptate velit esse cillum dolore eu fugiat nulla pariatur. Excepteur sint occaecat cupidatat non proident, sunt in culpa qui officia deserunt mollit anim id est laborum.','Lorem ipsum dolor sit amet, consectetur adipiscing elit, sed do eiusmod tempor incididunt ut labore et dolore magna aliqua. Ut enim ad minim veniam, quis nostrud exercitation ullamco laboris nisi ut aliquip ex ea commodo consequat. Duis aute irure dolor in reprehenderit in voluptate velit esse cillum dolore eu fugiat nulla pariatur. Excepteur sint occaecat cupidatat non proident, sunt in culpa qui officia deserunt mollit anim id est laborum.'),('P11','Tungau dewasa','Lorem ipsum dolor sit amet, consectetur adipiscing elit, sed do eiusmod tempor incididunt ut labore et dolore magna aliqua. Ut enim ad minim veniam, quis nostrud exercitation ullamco laboris nisi ut aliquip ex ea commodo consequat. Duis aute irure dolor in reprehenderit in voluptate velit esse cillum dolore eu fugiat nulla pariatur. Excepteur sint occaecat cupidatat non proident, sunt in culpa qui officia deserunt mollit anim id est laborum.','Lorem ipsum dolor sit amet, consectetur adipiscing elit, sed do eiusmod tempor incididunt ut labore et dolore magna aliqua. Ut enim ad minim veniam, quis nostrud exercitation ullamco laboris nisi ut aliquip ex ea commodo consequat. Duis aute irure dolor in reprehenderit in voluptate velit esse cillum dolore eu fugiat nulla pariatur. Excepteur sint occaecat cupidatat non proident, sunt in culpa qui officia deserunt mollit anim id est laborum.'),('P12','Ulat grayak','Lorem ipsum dolor sit amet, consectetur adipiscing elit, sed do eiusmod tempor incididunt ut labore et dolore magna aliqua. Ut enim ad minim veniam, quis nostrud exercitation ullamco laboris nisi ut aliquip ex ea commodo consequat. Duis aute irure dolor in reprehenderit in voluptate velit esse cillum dolore eu fugiat nulla pariatur. Excepteur sint occaecat cupidatat non proident, sunt in culpa qui officia deserunt mollit anim id est laborum.','Lorem ipsum dolor sit amet, consectetur adipiscing elit, sed do eiusmod tempor incididunt ut labore et dolore magna aliqua. Ut enim ad minim veniam, quis nostrud exercitation ullamco laboris nisi ut aliquip ex ea commodo consequat. Duis aute irure dolor in reprehenderit in voluptate velit esse cillum dolore eu fugiat nulla pariatur. Excepteur sint occaecat cupidatat non proident, sunt in culpa qui officia deserunt mollit anim id est laborum.'),('P13','Ulat bawang','Lorem ipsum dolor sit amet, consectetur adipiscing elit, sed do eiusmod tempor incididunt ut labore et dolore magna aliqua. Ut enim ad minim veniam, quis nostrud exercitation ullamco laboris nisi ut aliquip ex ea commodo consequat. Duis aute irure dolor in reprehenderit in voluptate velit esse cillum dolore eu fugiat nulla pariatur. Excepteur sint occaecat cupidatat non proident, sunt in culpa qui officia deserunt mollit anim id est laborum.','Lorem ipsum dolor sit amet, consectetur adipiscing elit, sed do eiusmod tempor incididunt ut labore et dolore magna aliqua. Ut enim ad minim veniam, quis nostrud exercitation ullamco laboris nisi ut aliquip ex ea commodo consequat. Duis aute irure dolor in reprehenderit in voluptate velit esse cillum dolore eu fugiat nulla pariatur. Excepteur sint occaecat cupidatat non proident, sunt in culpa qui officia deserunt mollit anim id est laborum.'),('P14','Heliothis spp (ulat buah)','Lorem ipsum dolor sit amet, consectetur adipiscing elit, sed do eiusmod tempor incididunt ut labore et dolore magna aliqua. Ut enim ad minim veniam, quis nostrud exercitation ullamco laboris nisi ut aliquip ex ea commodo consequat. Duis aute irure dolor in reprehenderit in voluptate velit esse cillum dolore eu fugiat nulla pariatur. Excepteur sint occaecat cupidatat non proident, sunt in culpa qui officia deserunt mollit anim id est laborum.','Lorem ipsum dolor sit amet, consectetur adipiscing elit, sed do eiusmod tempor incididunt ut labore et dolore magna aliqua. Ut enim ad minim veniam, quis nostrud exercitation ullamco laboris nisi ut aliquip ex ea commodo consequat. Duis aute irure dolor in reprehenderit in voluptate velit esse cillum dolore eu fugiat nulla pariatur. Excepteur sint occaecat cupidatat non proident, sunt in culpa qui officia deserunt mollit anim id est laborum.');

/*!40101 SET SQL_MODE=@OLD_SQL_MODE */;
/*!40014 SET FOREIGN_KEY_CHECKS=@OLD_FOREIGN_KEY_CHECKS */;
/*!40014 SET UNIQUE_CHECKS=@OLD_UNIQUE_CHECKS */;
/*!40111 SET SQL_NOTES=@OLD_SQL_NOTES */;
